Название,Цена,Ссылка
Телефон Xiaomi Redmi 15 4G 8GB/256GB международная версия (титановый),—,https://catalog.onliner.by/mobile/xiaomi/redmi154g256eti
Телефон Xiaomi Redmi 15C 4G 8GB/256GB международная версия (черный),—,https://catalog.onliner.by/mobile/xiaomi/redmi15c8256ebk
"Телефон POCO X7 Pro 8GB/256GB международная версия (желтый) + Xiaomi Power Bank P15ZM 10000mAh (бежевый, международная версия) по акции",—,https://catalog.onliner.by/mobile/poco/pocox7pro8256ye1
Телефон Apple iPhone 17 256GB (черный),—,https://catalog.onliner.by/mobile/apple/iphone17256bk
Телефон Apple iPhone 17 Pro 256GB (космический оранжевый),—,https://catalog.onliner.by/mobile/apple/ip17pro256co
Телефон Apple iPhone 17 Pro Max 256GB (глубокий синий),—,https://catalog.onliner.by/mobile/apple/ip17promax256db
Телефон Apple iPhone 17 Pro 256GB (глубокий синий),—,https://catalog.onliner.by/mobile/apple/ip17pro256db
Телефон Apple iPhone Air 256GB (небесно-голубой),—,https://catalog.onliner.by/mobile/apple/iphoneair256sb
Телефон Apple iPhone 16 128GB (черный),—,https://catalog.onliner.by/mobile/apple/aip16128blk
Телефон Apple iPhone 16 Pro Max 256GB (природный титан),—,https://catalog.onliner.by/mobile/apple/iphone16pm256nt
Телефон Apple iPhone 15 128GB (черный),—,https://catalog.onliner.by/mobile/apple/iphone15
Телефон Apple iPhone 16 Pro 128GB (черный титан),—,https://catalog.onliner.by/mobile/apple/iphone16pro128bt
Телефон Samsung Galaxy S25 Ultra SM-S938B 12GB/256GB (черный титан),—,https://catalog.onliner.by/mobile/samsung/sms938bzkbcau
Телефон Apple iPhone 17 Pro 256GB (серебристый),—,https://catalog.onliner.by/mobile/apple/ip17pro256sl
Телефон Samsung Galaxy S25 SM-S931B 12GB/128GB (голубой),—,https://catalog.onliner.by/mobile/samsung/sms931blbbcau
Телефон Samsung Galaxy S25 FE SM-S731B 8GB/256GB (черный),—,https://catalog.onliner.by/mobile/samsung/sms731b8256bk
Телефон Apple iPhone 17 Pro Max 256GB (космический оранжевый),—,https://catalog.onliner.by/mobile/apple/ip17promax256co
Телефон Apple iPhone 16 Pro 128GB (пустынный титан),—,https://catalog.onliner.by/mobile/apple/iphone16pro128dt
Телефон Apple iPhone 17 Pro Max 512GB (глубокий синий),—,https://catalog.onliner.by/mobile/apple/ip17promax512db
Телефон Apple iPhone 15 Pro 256GB (природный титан),—,https://catalog.onliner.by/mobile/apple/iphone15pro256nt
Телефон Apple iPhone 17 256GB (сиреневый),—,https://catalog.onliner.by/mobile/apple/iphone17256lv
Телефон Apple iPhone Air 256GB (космический черный),—,https://catalog.onliner.by/mobile/apple/iphoneair256bk
Телефон Apple iPhone 17 256GB (белый),—,https://catalog.onliner.by/mobile/apple/iphone17256wh
Телефон Apple iPhone 16e 128GB (черный),—,https://catalog.onliner.by/mobile/apple/ai16e128blk
Телефон Apple iPhone 17 256GB (зеленый),—,https://catalog.onliner.by/mobile/apple/iphone17256grn
Телефон Apple iPhone 16 256GB (черный),—,https://catalog.onliner.by/mobile/apple/aip16256blk
Телефон Apple iPhone 17 Pro Max 2TB (глубокий синий),—,https://catalog.onliner.by/mobile/apple/ip17promax2db
Телефон Samsung Galaxy A56 SM-A566E 8GB/256GB (черный),—,https://catalog.onliner.by/mobile/samsung/sma566ezkccau
Телефон POCO X7 Pro 12GB/512GB международная версия (черный),—,https://catalog.onliner.by/mobile/poco/pocox7pro512bk/used
Телефон POCO X7 Pro 12GB/512GB международная версия (черный),—,https://catalog.onliner.by/mobile/poco/pocox7pro512bk
Телефон Apple iPhone 17 256GB (голубой),—,https://catalog.onliner.by/mobile/apple/iphone17256lb
